,Nbr_Emails,SizeKB
0,41.746433502070936,146.62678324896464
1,16.88818565400844,987.7626582278481
2,16.346405228758204,484.8383442265795
3,0.941176470588235,3081.5294117647054
