,Nbr_Emails,SizeKB
0,4.327543911294415,157.68251692669867
1,9.193069306930713,1674.9992979297938
2,5.044619422572179,3590.248713910761
3,10.91225321215897,764.4647842891469
